,AWB Code,Order ID,Charged Weight,Warehouse Pincode_x,Customer Pincode,Zone_x,Type of Shipment,Billing Amount (Rs.),ExternOrderNo,Order Qty,Weight (g),Total_Weight,X_Charged_Weight_KG,Warehouse Pincode_y,Zone_y,Zone,Weight Slabs,Forward Fixed Charge,Forward Additional Weight Slab Charge,RTO Fixed Charge,RTO Additional Weight Slab Charge,X_price
0,1091117222124,2001806232,1.3,121003,507101,d,Forward charges,135.0,2001806232,8.0,377,1302.0,1.302,121003,d,d,1.5,45.4,44.8,41.3,44.8,45.4
1,1091117222194,2001806273,1.0,121003,486886,d,Forward charges,90.2,2001806273,4.0,615,615.0,0.615,121003,d,d,1.5,45.4,44.8,41.3,44.8,45.4
2,1091117222931,2001806408,2.5,121003,532484,d,Forward charges,224.6,2001806408,12.0,929,2265.0,2.265,121003,d,d,1.5,45.4,44.8,41.3,44.8,90.19999999999999
3,1091117223244,2001806458,1.0,121003,143001,b,Forward charges,61.3,2001806458,2.0,700,700.0,0.7,121003,b,b,1.0,33.0,28.3,20.5,28.3,33.0
4,1091117229345,2001807012,0.15,121003,515591,d,Forward charges,45.4,2001807012,1.0,240,240.0,0.24,121003,d,d,1.5,45.4,44.8,41.3,44.8,45.4
5,1091117229555,2001806686,0.15,121003,326502,d,Forward charges,45.4,2001806686,1.0,240,240.0,0.24,121003,d,d,1.5,45.4,44.8,41.3,44.8,45.4
6,1091117229776,2001806885,1.0,121003,208019,b,Forward charges,61.3,2001806885,4.0,420,840.0,0.84,121003,b,b,1.0,33.0,28.3,20.5,28.3,33.0
7,1091117323112,2001807058,1.15,121003,140301,b,Forward charges,89.6,2001807058,6.0,1168,1168.0,1.168,121003,b,b,1.0,33.0,28.3,20.5,28.3,61.3
8,1091117323112,2001807058,1.15,121003,140301,b,Forward charges,89.6,2001807058,6.0,1168,1168.0,1.168,121003,b,b,1.0,33.0,28.3,20.5,28.3,61.3
9,1091117323812,2001807186,0.5,121003,396001,d,Forward charges,45.4,2001807186,3.0,500,500.0,0.5,121003,d,d,1.5,45.4,44.8,41.3,44.8,45.4
10,1091117324206,2001807290,0.5,121003,711106,d,Forward charges,45.4,2001807290,3.0,500,500.0,0.5,121003,d,d,1.5,45.4,44.8,41.3,44.8,45.4
11,1091117326612,2001807814,0.79,121003,284001,b,Forward charges,61.3,2001807814,3.0,607,607.0,0.607,121003,b,b,1.0,33.0,28.3,20.5,28.3,33.0
12,1091117327172,2001807931,0.72,121003,441601,d,Forward charges,90.2,2001807931,3.0,607,607.0,0.607,121003,d,d,1.5,45.4,44.8,41.3,44.8,45.4
13,1091117327275,2001807956,1.08,121003,248006,b,Forward charges,89.6,2001807956,5.0,790,1080.0,1.08,121003,b,b,1.0,33.0,28.3,20.5,28.3,61.3
14,1091117327312,2001807960,1.0,121003,485001,d,Forward charges,90.2,2001807960,4.0,930,930.0,0.93,121003,d,d,1.5,45.4,44.8,41.3,44.8,45.4
15,1091117327695,2001807930,0.15,121003,845438,d,Forward charges,45.4,2001807930,1.0,240,240.0,0.24,121003,d,d,1.5,45.4,44.8,41.3,44.8,45.4
16,1091117435005,2001808102,1.28,121003,463106,d,Forward charges,135.0,2001808102,9.0,821,1157.0,1.157,121003,d,d,1.5,45.4,44.8,41.3,44.8,45.4
17,1091117435134,2001808118,0.5,121003,140301,b,Forward charges,33.0,2001808118,3.0,343,343.0,0.343,121003,b,b,1.0,33.0,28.3,20.5,28.3,33.0
18,1091117435134,2001808118,0.5,121003,140301,b,Forward charges,33.0,2001808118,3.0,343,343.0,0.343,121003,b,b,1.0,33.0,28.3,20.5,28.3,33.0
19,1091117435370,2001808207,0.79,121003,495671,d,Forward charges,90.2,2001808207,3.0,607,607.0,0.607,121003,d,d,1.5,45.4,44.8,41.3,44.8,45.4
20,1091117435661,2001808295,0.2,121003,673002,e,Forward and RTO charges,107.3,2001808295,2.0,245,245.0,0.245,121003,e,e,2.0,56.6,55.5,50.7,55.5,107.30000000000001
21,1091117436383,2001808507,0.79,121003,208002,b,Forward charges,61.3,2001808507,3.0,607,607.0,0.607,121003,b,b,1.0,33.0,28.3,20.5,28.3,33.0
22,1091117436464,2001808542,0.86,121003,416010,d,Forward charges,90.2,2001808542,4.0,367,734.0,0.734,121003,d,d,1.5,45.4,44.8,41.3,44.8,45.4
23,1091117437050,2001808675,1.2,121003,226010,b,Forward charges,89.6,2001808675,6.0,1183,1183.0,1.183,121003,b,b,1.0,33.0,28.3,20.5,28.3,61.3
24,1091117327496,2001807976,0.7,121003,400705,d,Forward and RTO charges,172.8,2001807976,4.0,721,721.0,0.721,121003,d,d,1.5,45.4,44.8,41.3,44.8,86.69999999999999
25,1091118547832,2001812838,0.6,121003,262405,b,Forward and RTO charges,102.3,2001812838,5.0,222,558.0,0.558,121003,b,b,1.0,33.0,28.3,20.5,28.3,53.5
26,1091119398844,2001816684,0.99,121003,394210,d,Forward and RTO charges,172.8,2001816684,8.0,340,920.0,0.92,121003,d,d,1.5,45.4,44.8,41.3,44.8,86.69999999999999
27,1091119630264,2001817160,0.7,121003,411014,d,Forward and RTO charges,172.8,2001817160,2.0,700,700.0,0.7,121003,d,d,1.5,45.4,44.8,41.3,44.8,86.69999999999999
28,1091120014461,2001818390,0.8,121003,783301,e,Forward and RTO charges,213.5,2001818390,6.0,481,841.0,0.841,121003,e,e,2.0,56.6,55.5,50.7,55.5,107.30000000000001
29,1091120959015,2001821190,1.2,121003,486661,d,Forward and RTO charges,258.9,2001821190,2.0,1200,1200.0,1.2,121003,d,d,1.5,45.4,44.8,41.3,44.8,86.69999999999999
30,1091121485824,2001817093,1.3,121003,244001,b,Forward and RTO charges,151.1,2001817093,11.0,1021,1357.0,1.357,121003,b,b,1.0,33.0,28.3,20.5,28.3,110.1
31,1091121666133,2001823564,0.7,121003,492001,d,Forward and RTO charges,172.8,2001823564,6.0,336,672.0,0.672,121003,d,d,1.5,45.4,44.8,41.3,44.8,86.69999999999999
32,1091121981575,2001825261,1.6,121003,517128,d,Forward and RTO charges,345.0,2001825261,13.0,611,1557.0,1.557,121003,d,d,1.5,45.4,44.8,41.3,44.8,176.3
33,1091117957780,2001811192,1.13,121003,562110,d,Forward and RTO charges,258.9,2001811192,9.0,696,1032.0,1.032,121003,d,d,1.5,45.4,44.8,41.3,44.8,86.69999999999999
34,1091121482593,2001809917,0.6,121003,831006,d,Forward and RTO charges,172.8,2001809917,3.0,630,630.0,0.63,121003,d,d,1.5,45.4,44.8,41.3,44.8,86.69999999999999
35,1091117221940,2001806210,2.92,121003,140604,b,Forward charges,174.5,2001806210,2.0,220,220.0,0.22,121003,b,b,1.0,33.0,28.3,20.5,28.3,33.0
36,1091117222065,2001806226,0.68,121003,723146,d,Forward charges,90.2,2001806226,2.0,240,480.0,0.48,121003,d,d,1.5,45.4,44.8,41.3,44.8,45.4
37,1091117222080,2001806229,0.71,121003,421204,d,Forward charges,90.2,2001806229,3.0,500,500.0,0.5,121003,d,d,1.5,45.4,44.8,41.3,44.8,45.4
38,1091117222135,2001806233,0.78,121003,263139,b,Forward charges,61.3,2001806233,2.0,245,245.0,0.245,121003,b,b,1.0,33.0,28.3,20.5,28.3,33.0
39,1091117222146,2001806251,1.27,121003,743263,d,Forward charges,135.0,2001806251,2.0,245,245.0,0.245,121003,d,d,1.5,45.4,44.8,41.3,44.8,45.4
40,1091117222570,2001806338,0.7,121003,392150,d,Forward charges,90.2,2001806338,3.0,500,500.0,0.5,121003,d,d,1.5,45.4,44.8,41.3,44.8,45.4
41,1091117223211,2001806446,0.69,121003,382830,d,Forward charges,90.2,2001806446,3.0,500,500.0,0.5,121003,d,d,1.5,45.4,44.8,41.3,44.8,45.4
42,1091117224353,2001806533,0.68,121003,711303,d,Forward charges,90.2,2001806533,3.0,500,500.0,0.5,121003,d,d,1.5,45.4,44.8,41.3,44.8,45.4
43,1091117224611,2001806547,1.0,121003,283102,b,Forward charges,61.3,2001806547,1.0,127,127.0,0.127,121003,b,b,1.0,33.0,28.3,20.5,28.3,33.0
44,1091117224902,2001806567,1.16,121003,370201,d,Forward charges,135.0,2001806567,6.0,952,952.0,0.952,121003,d,d,1.5,45.4,44.8,41.3,44.8,45.4
45,1091117225016,2001806575,0.68,121003,248001,b,Forward charges,61.3,2001806575,3.0,500,500.0,0.5,121003,b,b,1.0,33.0,28.3,20.5,28.3,33.0
46,1091117225016,2001806575,0.68,121003,248001,b,Forward charges,61.3,2001806575,3.0,500,500.0,0.5,121003,b,b,1.0,33.0,28.3,20.5,28.3,33.0
47,1091117225484,2001806616,1.08,121003,144001,b,Forward charges,89.6,2001806616,6.0,963,963.0,0.963,121003,b,b,1.0,33.0,28.3,20.5,28.3,33.0
48,1091117226221,2001806652,0.69,121003,403401,d,Forward charges,90.2,2001806652,3.0,500,500.0,0.5,121003,d,d,1.5,45.4,44.8,41.3,44.8,45.4
49,1091117226674,2001806733,1.13,121003,452001,d,Forward charges,135.0,2001806733,5.0,967,967.0,0.967,121003,d,d,1.5,45.4,44.8,41.3,44.8,45.4
50,1091117226711,2001806735,0.69,121003,721636,d,Forward charges,90.2,2001806735,3.0,500,500.0,0.5,121003,d,d,1.5,45.4,44.8,41.3,44.8,45.4
51,1091117226910,2001806726,0.68,121003,831002,d,Forward charges,90.2,2001806726,3.0,500,500.0,0.5,121003,d,d,1.5,45.4,44.8,41.3,44.8,45.4
52,1091117227573,2001806776,2.86,121003,226004,b,Forward charges,174.5,2001806776,4.0,474,611.0,0.611,121003,b,b,1.0,33.0,28.3,20.5,28.3,33.0
53,1091117227816,2001806801,1.35,121003,248001,b,Forward charges,89.6,2001806801,2.0,361,361.0,0.361,121003,b,b,1.0,33.0,28.3,20.5,28.3,33.0
54,1091117227816,2001806801,1.35,121003,248001,b,Forward charges,89.6,2001806801,2.0,361,361.0,0.361,121003,b,b,1.0,33.0,28.3,20.5,28.3,33.0
55,1091117229290,2001807004,0.68,121003,410206,d,Forward charges,90.2,2001807004,3.0,500,500.0,0.5,121003,d,d,1.5,45.4,44.8,41.3,44.8,45.4
56,1091117323005,2001807036,1.64,121003,516503,d,Forward charges,179.8,2001807036,13.0,451,1459.0,1.459,121003,d,d,1.5,45.4,44.8,41.3,44.8,45.4
57,1091117323215,2001807084,0.67,121003,742103,d,Forward charges,90.2,2001807084,3.0,500,500.0,0.5,121003,d,d,1.5,45.4,44.8,41.3,44.8,45.4
58,1091117324394,2001807362,2.0,121003,452018,d,Forward charges,179.8,2001807362,18.0,560,2016.0,2.016,121003,d,d,1.5,45.4,44.8,41.3,44.8,90.19999999999999
59,1091117325094,2001807415,1.0,121003,208001,b,Forward charges,61.3,2001807415,7.0,472,1048.0,1.048,121003,b,b,1.0,33.0,28.3,20.5,28.3,61.3
60,1091117616121,2001809592,1.5,121003,244713,b,Forward charges,89.6,2001809592,12.0,600,1505.0,1.505,121003,b,b,1.0,33.0,28.3,20.5,28.3,61.3
61,1091117795531,2001809794,1.5,121003,580007,d,Forward charges,135.0,2001809794,7.0,1517,1517.0,1.517,121003,d,d,1.5,45.4,44.8,41.3,44.8,90.19999999999999
62,1091117795623,2001809820,3.0,121003,360005,d,Forward charges,269.4,2001809820,16.0,2856,3080.0,3.08,121003,d,d,1.5,45.4,44.8,41.3,44.8,135.0
63,1091117223351,2001806471,1.7,121003,313027,d,Forward charges,179.8,2001806471,10.0,1121,1621.0,1.621,121003,b,b,1.0,33.0,28.3,20.5,28.3,61.3
64,1091117324011,2001807241,0.79,121003,341001,d,Forward charges,90.2,2001807241,3.0,607,607.0,0.607,121003,b,b,1.0,33.0,28.3,20.5,28.3,33.0
65,1091117327570,2001807981,0.5,121003,332715,d,Forward charges,45.4,2001807981,3.0,500,500.0,0.5,121003,b,b,1.0,33.0,28.3,20.5,28.3,33.0
66,1091117435602,2001808286,0.77,121003,302031,d,Forward charges,90.2,2001808286,3.0,601,601.0,0.601,121003,b,b,1.0,33.0,28.3,20.5,28.3,33.0
67,1091117435602,2001808286,0.77,121003,302031,d,Forward charges,90.2,2001808286,3.0,601,601.0,0.601,121003,b,b,1.0,33.0,28.3,20.5,28.3,33.0
68,1091117437680,2001808801,0.8,121003,335001,d,Forward charges,90.2,2001808801,6.0,553,731.0,0.731,121003,b,b,1.0,33.0,28.3,20.5,28.3,33.0
69,1091117437680,2001808801,0.8,121003,335001,d,Forward charges,90.2,2001808801,6.0,553,731.0,0.731,121003,b,b,1.0,33.0,28.3,20.5,28.3,33.0
70,1091117804200,2001810104,0.76,121003,334004,d,Forward charges,90.2,2001810104,3.0,601,601.0,0.601,121003,b,b,1.0,33.0,28.3,20.5,28.3,33.0
71,1091117957533,2001811153,0.76,121003,321001,d,Forward charges,90.2,2001811153,3.0,607,607.0,0.607,121003,b,b,1.0,33.0,28.3,20.5,28.3,33.0
72,1091117957942,2001811229,0.6,121003,324001,d,Forward charges,90.2,2001811229,3.0,505,505.0,0.505,121003,b,b,1.0,33.0,28.3,20.5,28.3,33.0
73,1091117958395,2001811363,0.59,121003,321608,d,Forward charges,90.2,2001811363,4.0,508,508.0,0.508,121003,b,b,1.0,33.0,28.3,20.5,28.3,33.0
74,1091118001865,2001811466,0.8,121003,302002,d,Forward charges,90.2,2001811466,3.0,607,607.0,0.607,121003,b,b,1.0,33.0,28.3,20.5,28.3,33.0
75,1091118001865,2001811466,0.8,121003,302002,d,Forward charges,90.2,2001811466,3.0,607,607.0,0.607,121003,b,b,1.0,33.0,28.3,20.5,28.3,33.0
76,1091118009786,2001811809,0.5,121003,311011,d,Forward and RTO charges,86.7,2001811809,3.0,500,500.0,0.5,121003,b,b,1.0,33.0,28.3,20.5,28.3,53.5
77,1091118548333,2001812854,2.94,121003,306302,d,Forward charges,269.4,2001812854,11.0,2236,2572.0,2.572,121003,b,b,1.0,33.0,28.3,20.5,28.3,89.6
78,1091118553701,2001813009,1.0,121003,313001,d,Forward charges,90.2,2001813009,5.0,720,720.0,0.72,121003,b,b,1.0,33.0,28.3,20.5,28.3,33.0
79,1091118553701,2001813009,1.0,121003,313001,d,Forward charges,90.2,2001813009,5.0,720,720.0,0.72,121003,b,b,1.0,33.0,28.3,20.5,28.3,33.0
80,1091118553701,2001813009,1.0,121003,313001,d,Forward charges,90.2,2001813009,5.0,720,720.0,0.72,121003,b,b,1.0,33.0,28.3,20.5,28.3,33.0
81,1091118553701,2001813009,1.0,121003,313001,d,Forward charges,90.2,2001813009,5.0,720,720.0,0.72,121003,b,b,1.0,33.0,28.3,20.5,28.3,33.0
82,1091118591534,2001812650,0.61,121003,302002,d,Forward charges,90.2,2001812650,5.0,227,563.0,0.563,121003,b,b,1.0,33.0,28.3,20.5,28.3,33.0
83,1091118591534,2001812650,0.61,121003,302002,d,Forward charges,90.2,2001812650,5.0,227,563.0,0.563,121003,b,b,1.0,33.0,28.3,20.5,28.3,33.0
84,1091118925110,2001814580,0.15,121003,322255,d,Forward and RTO charges,86.7,2001814580,1.0,127,127.0,0.127,121003,b,b,1.0,33.0,28.3,20.5,28.3,53.5
85,1091119169701,2001815688,0.2,121003,302017,d,Forward charges,45.4,2001815688,2.0,220,220.0,0.22,121003,b,b,1.0,33.0,28.3,20.5,28.3,33.0
86,1091119169701,2001815688,0.2,121003,302017,d,Forward charges,45.4,2001815688,2.0,220,220.0,0.22,121003,b,b,1.0,33.0,28.3,20.5,28.3,33.0
87,1091119169701,2001815688,0.2,121003,302017,d,Forward charges,45.4,2001815688,2.0,220,220.0,0.22,121003,b,b,1.0,33.0,28.3,20.5,28.3,33.0
88,1091119169701,2001815688,0.2,121003,302017,d,Forward charges,45.4,2001815688,2.0,220,220.0,0.22,121003,b,b,1.0,33.0,28.3,20.5,28.3,33.0
89,1091119169701,2001815688,0.2,121003,302017,d,Forward charges,45.4,2001815688,2.0,220,220.0,0.22,121003,b,b,1.0,33.0,28.3,20.5,28.3,33.0
90,1091119367193,2001816131,0.7,121003,302017,d,Forward charges,90.2,2001816131,3.0,452,554.0,0.554,121003,b,b,1.0,33.0,28.3,20.5,28.3,33.0
91,1091119367193,2001816131,0.7,121003,302017,d,Forward charges,90.2,2001816131,3.0,452,554.0,0.554,121003,b,b,1.0,33.0,28.3,20.5,28.3,33.0
92,1091119367193,2001816131,0.7,121003,302017,d,Forward charges,90.2,2001816131,3.0,452,554.0,0.554,121003,b,b,1.0,33.0,28.3,20.5,28.3,33.0
93,1091119367193,2001816131,0.7,121003,302017,d,Forward charges,90.2,2001816131,3.0,452,554.0,0.554,121003,b,b,1.0,33.0,28.3,20.5,28.3,33.0
94,1091119367193,2001816131,0.7,121003,302017,d,Forward charges,90.2,2001816131,3.0,452,554.0,0.554,121003,b,b,1.0,33.0,28.3,20.5,28.3,33.0
95,1091119429202,2001816996,0.5,121003,335512,d,Forward charges,45.4,2001816996,3.0,500,500.0,0.5,121003,b,b,1.0,33.0,28.3,20.5,28.3,33.0
96,1091120959225,2001821185,2.1,121003,313001,d,Forward charges,224.6,2001821185,10.0,1844,2098.0,2.098,121003,b,b,1.0,33.0,28.3,20.5,28.3,89.6
97,1091120959225,2001821185,2.1,121003,313001,d,Forward charges,224.6,2001821185,10.0,1844,2098.0,2.098,121003,b,b,1.0,33.0,28.3,20.5,28.3,89.6
98,1091120959225,2001821185,2.1,121003,313001,d,Forward charges,224.6,2001821185,10.0,1844,2098.0,2.098,121003,b,b,1.0,33.0,28.3,20.5,28.3,89.6
99,1091120959225,2001821185,2.1,121003,313001,d,Forward charges,224.6,2001821185,10.0,1844,2098.0,2.098,121003,b,b,1.0,33.0,28.3,20.5,28.3,89.6
100,1091120962515,2001821284,0.2,121003,313001,d,Forward charges,45.4,2001821284,2.0,177,177.0,0.177,121003,b,b,1.0,33.0,28.3,20.5,28.3,33.0
101,1091120962515,2001821284,0.2,121003,313001,d,Forward charges,45.4,2001821284,2.0,177,177.0,0.177,121003,b,b,1.0,33.0,28.3,20.5,28.3,33.0
102,1091120962515,2001821284,0.2,121003,313001,d,Forward charges,45.4,2001821284,2.0,177,177.0,0.177,121003,b,b,1.0,33.0,28.3,20.5,28.3,33.0
103,1091120962515,2001821284,0.2,121003,313001,d,Forward charges,45.4,2001821284,2.0,177,177.0,0.177,121003,b,b,1.0,33.0,28.3,20.5,28.3,33.0
104,1091121031745,2001821679,0.2,121003,307026,d,Forward charges,45.4,2001821679,1.0,165,165.0,0.165,121003,b,b,1.0,33.0,28.3,20.5,28.3,33.0
105,1091121034114,2001821742,0.15,121003,327025,d,Forward charges,45.4,2001821742,1.0,240,240.0,0.24,121003,b,b,1.0,33.0,28.3,20.5,28.3,33.0
106,1091121034350,2001821750,0.8,121003,313333,d,Forward charges,90.2,2001821750,3.0,755,755.0,0.755,121003,b,b,1.0,33.0,28.3,20.5,28.3,33.0
107,1091121034641,2001821766,0.2,121003,313001,d,Forward charges,45.4,2001821766,2.0,120,240.0,0.24,121003,b,b,1.0,33.0,28.3,20.5,28.3,33.0
108,1091121034641,2001821766,0.2,121003,313001,d,Forward charges,45.4,2001821766,2.0,120,240.0,0.24,121003,b,b,1.0,33.0,28.3,20.5,28.3,33.0
109,1091121034641,2001821766,0.2,121003,313001,d,Forward charges,45.4,2001821766,2.0,120,240.0,0.24,121003,b,b,1.0,33.0,28.3,20.5,28.3,33.0
110,1091121034641,2001821766,0.2,121003,313001,d,Forward charges,45.4,2001821766,2.0,120,240.0,0.24,121003,b,b,1.0,33.0,28.3,20.5,28.3,33.0
111,1091121183730,2001821995,0.5,121003,342008,d,Forward charges,45.4,2001821995,2.0,477,477.0,0.477,121003,b,b,1.0,33.0,28.3,20.5,28.3,33.0
112,1091121185863,2001821502,0.6,121003,314401,d,Forward charges,90.2,2001821502,5.0,334,558.0,0.558,121003,b,b,1.0,33.0,28.3,20.5,28.3,33.0
113,1091121305541,2001822466,1.1,121003,342301,d,Forward charges,135.0,2001822466,10.0,352,1376.0,1.376,121003,b,b,1.0,33.0,28.3,20.5,28.3,61.3
114,1091121306101,2001820690,0.15,121003,313003,d,Forward charges,45.4,2001820690,1.0,65,65.0,0.065,121003,b,b,1.0,33.0,28.3,20.5,28.3,33.0
115,1091118004245,2001811604,0.8,121003,173212,b,Forward charges,61.3,2001811604,4.0,481,721.0,0.721,121003,e,e,2.0,56.6,55.5,50.7,55.5,56.6
116,1091118004245,2001811604,0.8,121003,173212,b,Forward charges,61.3,2001811604,4.0,481,721.0,0.721,121003,e,e,2.0,56.6,55.5,50.7,55.5,56.6
117,1091120352712,2001819252,0.3,121003,174101,b,Forward charges,33.0,2001819252,3.0,270,270.0,0.27,121003,e,e,2.0,56.6,55.5,50.7,55.5,56.6
118,1091122418320,2001827036,1.6,121003,173213,b,Forward charges,117.9,2001827036,9.0,1539,1676.0,1.676,121003,e,e,2.0,56.6,55.5,50.7,55.5,56.6
119,1091117222360,2001806304,0.71,121003,302017,d,Forward charges,90.2,2001806304,3.0,500,500.0,0.5,121003,b,b,1.0,33.0,28.3,20.5,28.3,33.0
120,1091117222360,2001806304,0.71,121003,302017,d,Forward charges,90.2,2001806304,3.0,500,500.0,0.5,121003,b,b,1.0,33.0,28.3,20.5,28.3,33.0
121,1091117222360,2001806304,0.71,121003,302017,d,Forward charges,90.2,2001806304,3.0,500,500.0,0.5,121003,b,b,1.0,33.0,28.3,20.5,28.3,33.0
122,1091117222360,2001806304,0.71,121003,302017,d,Forward charges,90.2,2001806304,3.0,500,500.0,0.5,121003,b,b,1.0,33.0,28.3,20.5,28.3,33.0
123,1091117222360,2001806304,0.71,121003,302017,d,Forward charges,90.2,2001806304,3.0,500,500.0,0.5,121003,b,b,1.0,33.0,28.3,20.5,28.3,33.0
124,1091117227116,2001806768,1.02,121003,322201,d,Forward charges,135.0,2001806768,4.0,210,840.0,0.84,121003,b,b,1.0,33.0,28.3,20.5,28.3,33.0
125,1091117228133,2001806823,0.59,121003,314001,d,Forward charges,90.2,2001806823,1.0,127,127.0,0.127,121003,b,b,1.0,33.0,28.3,20.5,28.3,33.0
126,1091117228192,2001806828,0.69,121003,331022,d,Forward charges,90.2,2001806828,3.0,500,500.0,0.5,121003,b,b,1.0,33.0,28.3,20.5,28.3,33.0
127,1091117229183,2001806968,0.68,121003,305801,d,Forward charges,90.2,2001806968,3.0,500,500.0,0.5,121003,b,b,1.0,33.0,28.3,20.5,28.3,33.0
128,1091117324346,2001807328,2.28,121003,335502,d,Forward charges,224.6,2001807328,1.0,490,490.0,0.49,121003,b,b,1.0,33.0,28.3,20.5,28.3,33.0
129,1091117326424,2001807785,0.68,121003,306116,d,Forward charges,90.2,2001807785,3.0,500,500.0,0.5,121003,b,b,1.0,33.0,28.3,20.5,28.3,33.0
130,1091117326925,2001807852,0.74,121003,311001,d,Forward charges,90.2,2001807852,3.0,500,500.0,0.5,121003,b,b,1.0,33.0,28.3,20.5,28.3,33.0
131,1091117327474,2001807970,4.13,121003,302019,d,Forward charges,403.8,2001807970,2.0,765,765.0,0.765,121003,b,b,1.0,33.0,28.3,20.5,28.3,33.0
132,1091117333100,2001807329,0.73,121003,302039,d,Forward charges,90.2,2001807329,3.0,500,500.0,0.5,121003,b,b,1.0,33.0,28.3,20.5,28.3,33.0
133,1091117333251,2001807613,1.04,121003,335803,d,Forward charges,135.0,2001807613,3.0,830,830.0,0.83,121003,b,b,1.0,33.0,28.3,20.5,28.3,33.0
134,1091117436346,2001808475,0.7,121003,335001,d,Forward charges,90.2,2001808475,3.0,500,500.0,0.5,121003,b,b,1.0,33.0,28.3,20.5,28.3,33.0
135,1091117436346,2001808475,0.7,121003,335001,d,Forward charges,90.2,2001808475,3.0,500,500.0,0.5,121003,b,b,1.0,33.0,28.3,20.5,28.3,33.0
136,1091117436652,2001808585,0.72,121003,175101,b,Forward charges,61.3,2001808585,3.0,500,500.0,0.5,121003,e,e,2.0,56.6,55.5,50.7,55.5,56.6
137,1091117437035,2001808679,0.72,121003,303903,d,Forward charges,90.2,2001808679,3.0,500,500.0,0.5,121003,b,b,1.0,33.0,28.3,20.5,28.3,33.0
138,1091117437293,2001808739,1.63,121003,342012,d,Forward charges,179.8,2001808739,2.0,220,220.0,0.22,121003,b,b,1.0,33.0,28.3,20.5,28.3,33.0
139,1091117437864,2001808832,2.47,121003,334001,d,Forward charges,224.6,2001808832,1.0,600,600.0,0.6,121003,b,b,1.0,33.0,28.3,20.5,28.3,33.0
140,1091117437890,2001808837,0.67,121003,302031,d,Forward charges,90.2,2001808837,3.0,500,500.0,0.5,121003,b,b,1.0,33.0,28.3,20.5,28.3,33.0
141,1091117437890,2001808837,0.67,121003,302031,d,Forward charges,90.2,2001808837,3.0,500,500.0,0.5,121003,b,b,1.0,33.0,28.3,20.5,28.3,33.0
142,1091117438074,2001808883,0.72,121003,302012,d,Forward charges,90.2,2001808883,3.0,500,500.0,0.5,121003,b,b,1.0,33.0,28.3,20.5,28.3,33.0
143,1091117438074,2001808883,0.72,121003,302012,d,Forward charges,90.2,2001808883,3.0,500,500.0,0.5,121003,b,b,1.0,33.0,28.3,20.5,28.3,33.0
144,1091117611501,2001808992,0.72,121003,342014,d,Forward charges,90.2,2001808992,3.0,500,500.0,0.5,121003,b,b,1.0,33.0,28.3,20.5,28.3,33.0
145,1091117613962,2001809270,0.68,121003,324005,d,Forward charges,90.2,2001809270,3.0,500,500.0,0.5,121003,b,b,1.0,33.0,28.3,20.5,28.3,33.0
146,1091117803511,2001809934,0.82,121003,302001,d,Forward charges,90.2,2001809934,2.0,361,361.0,0.361,121003,b,b,1.0,33.0,28.3,20.5,28.3,33.0
147,1091117804314,2001810125,0.66,121003,302004,d,Forward charges,90.2,2001810125,3.0,500,500.0,0.5,121003,b,b,1.0,33.0,28.3,20.5,28.3,33.0
148,1091117805390,2001810281,0.68,121003,302018,d,Forward charges,90.2,2001810281,3.0,500,500.0,0.5,121003,b,b,1.0,33.0,28.3,20.5,28.3,33.0
149,1091117805390,2001810281,0.68,121003,302018,d,Forward charges,90.2,2001810281,3.0,500,500.0,0.5,121003,b,b,1.0,33.0,28.3,20.5,28.3,33.0
150,1091117806263,2001810549,1.86,121003,302017,d,Forward charges,179.8,2001810549,5.0,849,986.0,0.986,121003,b,b,1.0,33.0,28.3,20.5,28.3,33.0
151,1091117806263,2001810549,1.86,121003,302017,d,Forward charges,179.8,2001810549,5.0,849,986.0,0.986,121003,b,b,1.0,33.0,28.3,20.5,28.3,33.0
152,1091117806263,2001810549,1.86,121003,302017,d,Forward charges,179.8,2001810549,5.0,849,986.0,0.986,121003,b,b,1.0,33.0,28.3,20.5,28.3,33.0
153,1091117806263,2001810549,1.86,121003,302017,d,Forward charges,179.8,2001810549,5.0,849,986.0,0.986,121003,b,b,1.0,33.0,28.3,20.5,28.3,33.0
154,1091117806263,2001810549,1.86,121003,302017,d,Forward charges,179.8,2001810549,5.0,849,986.0,0.986,121003,b,b,1.0,33.0,28.3,20.5,28.3,33.0
155,1091117807140,2001810697,2.27,121003,324008,d,Forward charges,224.6,2001810697,3.0,607,607.0,0.607,121003,b,b,1.0,33.0,28.3,20.5,28.3,33.0
156,1091117904860,2001811039,0.68,121003,302020,d,Forward charges,90.2,2001811039,3.0,488,488.0,0.488,121003,b,b,1.0,33.0,28.3,20.5,28.3,33.0
157,1091117904860,2001811039,0.68,121003,302020,d,Forward charges,90.2,2001811039,3.0,488,488.0,0.488,121003,b,b,1.0,33.0,28.3,20.5,28.3,33.0
158,1091117905022,2001811058,0.72,121003,302018,d,Forward charges,90.2,2001811058,3.0,500,500.0,0.5,121003,b,b,1.0,33.0,28.3,20.5,28.3,33.0
159,1091117905022,2001811058,0.72,121003,302018,d,Forward charges,90.2,2001811058,3.0,500,500.0,0.5,121003,b,b,1.0,33.0,28.3,20.5,28.3,33.0
160,1091117958163,2001811306,1.1,121003,302017,d,Forward charges,135.0,2001811306,4.0,945,945.0,0.945,121003,b,b,1.0,33.0,28.3,20.5,28.3,33.0
161,1091117958163,2001811306,1.1,121003,302017,d,Forward charges,135.0,2001811306,4.0,945,945.0,0.945,121003,b,b,1.0,33.0,28.3,20.5,28.3,33.0
162,1091117958163,2001811306,1.1,121003,302017,d,Forward charges,135.0,2001811306,4.0,945,945.0,0.945,121003,b,b,1.0,33.0,28.3,20.5,28.3,33.0
163,1091117958163,2001811306,1.1,121003,302017,d,Forward charges,135.0,2001811306,4.0,945,945.0,0.945,121003,b,b,1.0,33.0,28.3,20.5,28.3,33.0
164,1091117958163,2001811306,1.1,121003,302017,d,Forward charges,135.0,2001811306,4.0,945,945.0,0.945,121003,b,b,1.0,33.0,28.3,20.5,28.3,33.0
165,1091118442390,2001812195,0.67,121003,302012,d,Forward charges,90.2,2001812195,3.0,500,500.0,0.5,121003,b,b,1.0,33.0,28.3,20.5,28.3,33.0
166,1091118442390,2001812195,0.67,121003,302012,d,Forward charges,90.2,2001812195,3.0,500,500.0,0.5,121003,b,b,1.0,33.0,28.3,20.5,28.3,33.0
167,1091118551656,2001812941,0.73,121003,325207,d,Forward charges,90.2,2001812941,3.0,500,500.0,0.5,121003,b,b,1.0,33.0,28.3,20.5,28.3,33.0
168,1091117614452,2001809383,0.5,121003,303702,d,Forward and RTO charges,86.7,2001809383,3.0,607,607.0,0.607,121003,b,b,1.0,33.0,28.3,20.5,28.3,53.5
169,1091120922803,2001820978,0.5,121003,313301,d,Forward charges,45.4,2001820978,2.0,515,515.0,0.515,121003,b,b,1.0,33.0,28.3,20.5,28.3,33.0
170,1091121844806,2001811475,0.5,121003,173212,b,Forward charges,33.0,2001811475,4.0,689,689.0,0.689,121003,e,e,2.0,56.6,55.5,50.7,55.5,56.6
171,1091121844806,2001811475,0.5,121003,173212,b,Forward charges,33.0,2001811475,4.0,689,689.0,0.689,121003,e,e,2.0,56.6,55.5,50.7,55.5,56.6
172,1091121846136,2001811305,0.5,121003,302020,d,Forward charges,45.4,2001811305,4.0,750,750.0,0.75,121003,b,b,1.0,33.0,28.3,20.5,28.3,33.0
173,1091121846136,2001811305,0.5,121003,302020,d,Forward charges,45.4,2001811305,4.0,750,750.0,0.75,121003,b,b,1.0,33.0,28.3,20.5,28.3,33.0
